Month,Day,Year,Home Team,Away Team,Home Score,Away Score,Overtime Periods,Game Type
10,19,2021,Bucks,Nets,127,104,0,RS
10,19,2021,Lakers,Warriors,114,121,0,RS
10,20,2021,Knicks,Celtics,138,134,2,RS
10,20,2021,Grizzlies,Cavaliers,132,121,0,RS
10,20,2021,Hornets,Pacers,123,122,0,RS
10,20,2021,Pistons,Bulls,88,94,0,RS
10,20,2021,Raptors,Wizards,83,98,0,RS
10,20,2021,Timberwolves,Rockets,124,106,0,RS
10,20,2021,Pelicans,76ers,97,117,0,RS
10,20,2021,Spurs,Magic,123,97,0,RS
10,20,2021,Jazz,Thunder,107,86,0,RS
10,20,2021,Suns,Nuggets,98,110,0,RS
10,20,2021,Trail Blazers,Kings,121,124,0,RS
10,21,2021,Hawks,Mavericks,113,87,0,RS
10,21,2021,Heat,Bucks,137,95,0,RS
10,21,2021,Warriors,Clippers,115,113,0,RS
10,22,2021,Celtics,Raptors,83,115,0,RS
10,22,2021,Cavaliers,Hornets,112,123,0,RS
10,22,2021,Magic,Knicks,96,121,0,RS
10,22,2021,Wizards,Pacers,135,134,1,RS
10,22,2021,76ers,Nets,109,114,0,RS
10,22,2021,Bulls,Pelicans,128,112,0,RS
10,22,2021,Rockets,Thunder,124,91,0,RS
10,22,2021,Nuggets,Spurs,102,96,0,RS
10,22,2021,Lakers,Suns,105,115,0,RS
10,22,2021,Kings,Jazz,101,110,0,RS
10,23,2021,Cavaliers,Hawks,101,95,0,RS
10,23,2021,Pacers,Heat,102,91,1,RS
10,23,2021,Raptors,Mavericks,95,103,0,RS
10,23,2021,Bulls,Pistons,97,82,0,RS
10,23,2021,Timberwolves,Pelicans,96,89,0,RS
10,23,2021,Spurs,Bucks,111,121,0,RS
10,23,2021,Trail Blazers,Suns,134,105,0,RS
10,23,2021,Clippers,Grizzlies,114,120,0,RS
10,24,2021,Nets,Hornets,95,111,0,RS
10,24,2021,Rockets,Celtics,97,107,0,RS
10,24,2021,Knicks,Magic,104,110,0,RS
10,24,2021,Thunder,76ers,103,115,0,RS
10,24,2021,Kings,Warriors,107,119,0,RS
10,24,2021,Lakers,Grizzlies,121,118,0,RS
10,25,2021,Hornets,Celtics,129,140,1,RS
10,25,2021,Pacers,Bucks,109,119,0,RS
10,25,2021,Hawks,Pistons,122,104,0,RS
10,25,2021,Nets,Wizards,104,90,0,RS
10,25,2021,Heat,Magic,107,90,0,RS
10,25,2021,Raptors,Bulls,108,111,0,RS
10,25,2021,Timberwolves,Pelicans,98,107,0,RS
10,25,2021,Nuggets,Cavaliers,87,99,0,RS
10,25,2021,Clippers,Trail Blazers,116,86,0,RS
10,26,2021,Knicks,76ers,112,99,0,RS
10,26,2021,Thunder,Warriors,98,106,0,RS
10,26,2021,Spurs,Lakers,121,125,1,RS
10,26,2021,Mavericks,Rockets,116,106,0,RS
10,26,2021,Jazz,Nuggets,122,110,0,RS
10,27,2021,Celtics,Wizards,107,116,0,RS
10,27,2021,Trail Blazers,Grizzlies,116,96,0,RS
10,27,2021,Magic,Hornets,111,120,0,RS
10,27,2021,Nets,Heat,93,106,0,RS
10,27,2021,Raptors,Pacers,118,100,0,RS
10,27,2021,Pelicans,Hawks,99,102,0,RS
10,27,2021,Bucks,Timberwolves,108,113,0,RS
10,27,2021,Thunder,Lakers,123,115,0,RS
10,27,2021,Suns,Kings,107,110,0,RS
10,27,2021,Clippers,Cavaliers,79,92,0,RS
10,28,2021,Warriors,Grizzlies,101,104,1,RS
10,28,2021,76ers,Pistons,110,102,0,RS
10,28,2021,Wizards,Hawks,122,111,0,RS
10,28,2021,Bulls,Knicks,103,104,0,RS
10,28,2021,Rockets,Jazz,91,122,0,RS
10,28,2021,Mavericks,Spurs,104,99,0,RS
10,29,2021,Raptors,Magic,110,109,0,RS
10,29,2021,Nets,Pacers,105,98,0,RS
10,29,2021,Heat,Hornets,114,99,0,RS
10,29,2021,Pelicans,Kings,109,113,0,RS
10,29,2021,Nuggets,Mavericks,106,75,0,RS
10,29,2021,Trail Blazers,Clippers,111,92,0,RS
10,29,2021,Lakers,Cavaliers,113,101,0,RS
10,30,2021,Wizards,Celtics,115,112,2,RS
10,30,2021,Grizzlies,Heat,103,129,0,RS
10,30,2021,Pistons,Magic,110,103,0,RS
10,30,2021,Pelicans,Knicks,117,123,0,RS
10,30,2021,Pacers,Raptors,94,97,0,RS
10,30,2021,76ers,Hawks,122,94,0,RS
10,30,2021,Bulls,Jazz,107,99,0,RS
10,30,2021,Bucks,Spurs,102,93,0,RS
10,30,2021,Warriors,Thunder,103,82,0,RS
10,30,2021,Timberwolves,Nuggets,91,93,0,RS
10,30,2021,Suns,Cavaliers,101,92,0,RS
10,31,2021,Mavericks,Kings,105,99,0,RS
10,31,2021,Hornets,Trail Blazers,125,113,0,RS
10,31,2021,Bucks,Jazz,95,107,0,RS
10,31,2021,Nets,Pistons,117,91,0,RS
10,31,2021,Lakers,Rockets,95,85,0,RS
11,1,2021,Celtics,Bulls,114,128,0,RS
11,1,2021,Grizzlies,Nuggets,106,97,0,RS
11,1,2021,Hornets,Cavaliers,110,113,0,RS
11,1,2021,Pacers,Spurs,131,118,0,RS
11,1,2021,76ers,Trail Blazers,113,103,0,RS
11,1,2021,Hawks,Wizards,118,111,0,RS
11,1,2021,Knicks,Raptors,103,113,0,RS
11,1,2021,Timberwolves,Magic,97,115,0,RS
11,1,2021,Clippers,Thunder,99,94,0,RS
11,2,2021,Pistons,Bucks,89,117,0,RS
11,2,2021,Mavericks,Heat,110,125,0,RS
11,2,2021,Jazz,Kings,119,113,0,RS
11,2,2021,Suns,Pelicans,112,100,0,RS
11,2,2021,Lakers,Rockets,119,117,0,RS
11,3,2021,Magic,Celtics,79,92,0,RS
11,3,2021,Grizzlies,Nuggets,108,106,0,RS
11,3,2021,Timberwolves,Clippers,115,126,0,RS
11,3,2021,Spurs,Mavericks,108,109,0,RS
11,3,2021,Warriors,Hornets,114,92,0,RS
11,3,2021,Kings,Pelicans,112,99,0,RS
11,3,2021,Pacers,Knicks,111,98,0,RS
11,3,2021,Cavaliers,Trail Blazers,107,104,0,RS
11,3,2021,76ers,Bulls,103,98,0,RS
11,3,2021,Wizards,Raptors,100,109,0,RS
11,3,2021,Nets,Hawks,117,108,0,RS
11,4,2021,Heat,Celtics,78,95,0,RS
11,4,2021,Pistons,76ers,98,109,0,RS
11,4,2021,Hawks,Jazz,98,116,0,RS
11,4,2021,Suns,Rockets,123,111,0,RS
11,4,2021,Lakers,Thunder,104,107,0,RS
11,5,2021,Pistons,Nets,90,96,0,RS
11,5,2021,Magic,Spurs,89,102,0,RS
11,5,2021,Wizards,Grizzlies,115,87,0,RS
11,5,2021,Raptors,Cavaliers,101,102,0,RS
11,5,2021,Bucks,Knicks,98,113,0,RS
11,5,2021,Timberwolves,Clippers,84,104,0,RS
11,5,2021,Warriors,Pelicans,126,85,0,RS
11,5,2021,Trail Blazers,Pacers,110,106,0,RS
11,5,2021,Kings,Hornets,140,110,0,RS
11,6,2021,Nuggets,Rockets,95,94,0,RS
11,6,2021,Heat,Jazz,118,115,0,RS
11,6,2021,Bulls,76ers,105,114,0,RS
11,6,2021,Mavericks,Celtics,107,104,0,RS
11,6,2021,Suns,Hawks,121,117,0,RS
11,6,2021,Trail Blazers,Lakers,105,90,0,RS
11,7,2021,Raptors,Nets,103,116,0,RS
11,7,2021,Knicks,Cavaliers,109,126,0,RS
11,7,2021,Magic,Jazz,107,100,0,RS
11,7,2021,Wizards,Bucks,101,94,0,RS
11,7,2021,Kings,Pacers,91,94,0,RS
11,7,2021,Thunder,Spurs,99,94,0,RS
11,7,2021,Warriors,Rockets,120,107,0,RS
11,7,2021,Clippers,Hornets,120,106,0,RS
11,8,2021,Grizzlies,Timberwolves,125,118,1,RS
11,8,2021,76ers,Knicks,96,103,0,RS
11,8,2021,Bulls,Nets,118,95,0,RS
11,8,2021,Mavericks,Pelicans,108,92,0,RS
11,8,2021,Nuggets,Heat,113,96,0,RS
11,8,2021,Warriors,Hawks,127,113,0,RS
11,8,2021,Kings,Suns,104,109,0,RS
11,8,2021,Lakers,Hornets,126,123,1,RS
11,9,2021,76ers,Bucks,109,118,0,RS
11,9,2021,Jazz,Hawks,110,98,0,RS
11,9,2021,Clippers,Trail Blazers,117,109,0,RS
11,10,2021,Cavaliers,Wizards,94,97,0,RS
11,10,2021,Magic,Nets,90,123,0,RS
11,10,2021,Celtics,Raptors,104,88,0,RS
11,10,2021,Knicks,Bucks,100,112,0,RS
11,10,2021,Rockets,Pistons,104,112,0,RS
11,10,2021,Bulls,Mavericks,117,107,0,RS
11,10,2021,Grizzlies,Hornets,108,118,0,RS
11,10,2021,Pelicans,Thunder,100,108,0,RS
11,10,2021,Spurs,Kings,136,117,0,RS
11,10,2021,Nuggets,Pacers,101,98,0,RS
11,10,2021,Suns,Trail Blazers,119,109,0,RS
11,10,2021,Warriors,Timberwolves,123,110,0,RS
11,10,2021,Lakers,Heat,120,117,1,RS
11,11,2021,76ers,Raptors,109,115,0,RS
11,11,2021,Jazz,Pacers,100,111,0,RS
11,11,2021,Clippers,Heat,112,109,0,RS
11,12,2021,Celtics,Bucks,122,113,1,RS
11,12,2021,Grizzlies,Suns,94,119,0,RS
11,12,2021,Hornets,Knicks,104,96,0,RS
11,12,2021,Cavaliers,Pistons,98,78,0,RS
11,12,2021,Rockets,Trail Blazers,92,104,0,RS
11,12,2021,Pelicans,Nets,112,120,0,RS
11,12,2021,Thunder,Kings,105,103,0,RS
11,12,2021,Spurs,Mavericks,109,123,0,RS
11,12,2021,Nuggets,Hawks,105,96,0,RS
11,12,2021,Warriors,Bulls,119,93,0,RS
11,12,2021,Timberwolves,Lakers,83,107,0,RS
11,13,2021,Jazz,Heat,105,111,0,RS
11,13,2021,Pacers,76ers,118,113,0,RS
11,13,2021,Magic,Wizards,92,104,0,RS
11,13,2021,Pelicans,Grizzlies,112,101,0,RS
11,13,2021,Raptors,Pistons,121,127,0,RS
11,13,2021,Cavaliers,Celtics,91,89,0,RS
11,13,2021,Clippers,Timberwolves,129,102,0,RS
11,14,2021,Lakers,Spurs,114,106,0,RS
11,14,2021,Hawks,Bucks,120,100,0,RS
11,14,2021,Hornets,Warriors,106,102,0,RS
11,14,2021,Rockets,Suns,89,115,0,RS
11,14,2021,Thunder,Nets,96,120,0,RS
11,14,2021,Nuggets,Trail Blazers,124,95,0,RS
11,14,2021,Clippers,Bulls,90,100,0,RS
11,15,2021,Cavaliers,Celtics,92,98,0,RS
11,15,2021,Pistons,Kings,107,129,0,RS
11,15,2021,Wizards,Pelicans,105,100,0,RS
11,15,2021,Hawks,Magic,129,111,0,RS
11,15,2021,Knicks,Pacers,92,84,0,RS
11,15,2021,Mavericks,Nuggets,111,101,0,RS
11,15,2021,Grizzlies,Rockets,136,102,0,RS
11,15,2021,Timberwolves,Suns,96,99,0,RS
11,15,2021,Thunder,Heat,90,103,0,RS
11,15,2021,Trail Blazers,Raptors,118,113,0,RS
11,15,2021,Lakers,Bulls,103,121,0,RS
11,16,2021,Nets,Warriors,99,117,0,RS
11,16,2021,Jazz,76ers,120,85,0,RS
11,16,2021,Clippers,Spurs,106,92,0,RS
11,17,2021,Hornets,Wizards,97,87,0,RS
11,17,2021,Pistons,Pacers,97,89,0,RS
11,17,2021,Hawks,Celtics,110,99,0,RS
11,17,2021,Nets,Cavaliers,109,99,0,RS
11,17,2021,Heat,Pelicans,113,98,0,RS
11,17,2021,Knicks,Magic,98,104,0,RS
11,17,2021,Bucks,Lakers,109,102,0,RS
11,17,2021,Timberwolves,Kings,107,97,0,RS
11,17,2021,Thunder,Rockets,101,89,0,RS
11,17,2021,Suns,Mavericks,105,98,0,RS
11,17,2021,Trail Blazers,Bulls,112,107,0,RS
11,18,2021,Cavaliers,Warriors,89,104,0,RS
11,18,2021,Heat,Wizards,112,97,0,RS
11,18,2021,Grizzlies,Clippers,120,108,0,RS
11,18,2021,Timberwolves,Spurs,115,90,0,RS
11,18,2021,Nuggets,76ers,89,103,0,RS
11,18,2021,Jazz,Raptors,119,103,0,RS
11,19,2021,Hornets,Pacers,121,118,0,RS
11,19,2021,Pistons,Warriors,102,105,0,RS
11,19,2021,Celtics,Lakers,130,108,0,RS
11,19,2021,Nets,Magic,115,113,0,RS
11,19,2021,Bucks,Thunder,96,89,0,RS
11,19,2021,Pelicans,Clippers,94,81,0,RS
11,19,2021,Nuggets,Bulls,108,114,0,RS
11,19,2021,Suns,Mavericks,112,104,0,RS
11,19,2021,Kings,Raptors,89,108,0,RS
11,20,2021,Knicks,Rockets,106,99,0,RS
11,20,2021,Pacers,Pelicans,111,94,0,RS
11,20,2021,Wizards,Heat,103,100,0,RS
11,20,2021,Hawks,Hornets,115,105,0,RS
11,20,2021,Celtics,Thunder,111,105,0,RS
11,20,2021,Bucks,Magic,117,108,0,RS
11,20,2021,Timberwolves,Grizzlies,138,95,0,RS
11,20,2021,Trail Blazers,76ers,118,111,0,RS
11,20,2021,Kings,Jazz,105,123,0,RS
11,21,2021,Clippers,Mavericks,97,91,0,RS
11,21,2021,Pistons,Lakers,116,121,0,RS
11,21,2021,Bulls,Knicks,109,103,0,RS
11,21,2021,Suns,Nuggets,126,97,0,RS
11,21,2021,Warriors,Raptors,119,104,0,RS
11,22,2021,Cavaliers,Nets,112,117,0,RS
11,22,2021,Wizards,Hornets,103,109,0,RS
11,22,2021,Hawks,Thunder,113,101,0,RS
11,22,2021,Celtics,Rockets,108,90,0,RS
11,22,2021,Bulls,Pacers,77,109,0,RS
11,22,2021,Bucks,Magic,123,92,0,RS
11,22,2021,Pelicans,Timberwolves,110,96,0,RS
11,22,2021,Spurs,Suns,111,115,0,RS
11,22,2021,Jazz,Grizzlies,118,119,0,RS
11,22,2021,Kings,76ers,92,102,0,RS
11,23,2021,Pistons,Heat,92,100,0,RS
11,23,2021,Knicks,Lakers,106,100,0,RS
11,23,2021,Trail Blazers,Nuggets,119,100,0,RS
11,23,2021,Clippers,Mavericks,104,112,1,RS
11,24,2021,Cavaliers,Suns,115,120,0,RS
11,24,2021,Pacers,Lakers,116,124,1,RS
11,24,2021,Magic,Hornets,99,106,0,RS
11,24,2021,Celtics,Nets,104,123,0,RS
11,24,2021,Rockets,Bulls,118,113,0,RS
11,24,2021,Grizzlies,Raptors,113,126,0,RS
11,24,2021,Bucks,Pistons,114,93,0,RS
11,24,2021,Timberwolves,Heat,113,101,0,RS
11,24,2021,Pelicans,Wizards,127,102,0,RS
11,24,2021,Thunder,Jazz,104,110,0,RS
11,24,2021,Spurs,Hawks,106,124,0,RS
11,24,2021,Warriors,76ers,116,96,0,RS
11,24,2021,Kings,Trail Blazers,125,121,0,RS
11,26,2021,Clippers,Pistons,107,96,0,RS
11,26,2021,Hornets,Timberwolves,133,115,0,RS
11,26,2021,Knicks,Suns,97,118,0,RS
11,26,2021,Magic,Bulls,88,123,0,RS
11,26,2021,Pacers,Raptors,114,97,0,RS
11,26,2021,Grizzlies,Hawks,100,132,0,RS
11,26,2021,Thunder,Wizards,99,101,0,RS
11,26,2021,Spurs,Celtics,96,88,0,RS
11,26,2021,Nuggets,Bucks,109,120,0,RS
11,26,2021,Jazz,Pelicans,97,98,0,RS
11,26,2021,Warriors,Trail Blazers,118,103,0,RS
11,26,2021,Lakers,Kings,137,141,3,RS
11,27,2021,76ers,Timberwolves,120,121,2,RS
11,27,2021,Hawks,Knicks,90,99,0,RS
11,27,2021,Nets,Suns,107,113,0,RS
11,27,2021,Cavaliers,Magic,105,92,0,RS
11,27,2021,Bulls,Heat,104,107,0,RS
11,27,2021,Rockets,Hornets,146,143,1,RS
11,27,2021,Mavericks,Wizards,114,120,0,RS
11,27,2021,Jazz,Pelicans,127,105,0,RS
11,28,2021,Clippers,Warriors,90,105,0,RS
11,28,2021,Pacers,Bucks,100,118,0,RS
11,28,2021,Raptors,Celtics,97,109,0,RS
11,28,2021,Grizzlies,Kings,128,101,0,RS
11,28,2021,Lakers,Pistons,106,110,0,RS
11,29,2021,76ers,Magic,101,96,0,RS
11,29,2021,Heat,Nuggets,111,120,0,RS
11,29,2021,Bulls,Hornets,133,119,0,RS
11,29,2021,Rockets,Thunder,102,89,0,RS
11,29,2021,Timberwolves,Pacers,100,98,0,RS
11,29,2021,Mavericks,Cavaliers,96,114,0,RS
11,29,2021,Spurs,Wizards,116,99,0,RS
11,29,2021,Jazz,Trail Blazers,129,107,0,RS
11,29,2021,Clippers,Pelicans,104,123,0,RS
11,30,2021,Nets,Knicks,112,110,0,RS
11,30,2021,Raptors,Grizzlies,91,98,0,RS
11,30,2021,Suns,Warriors,104,96,0,RS
11,30,2021,Trail Blazers,Pistons,110,92,0,RS
11,30,2021,Kings,Lakers,92,117,0,RS
12,1,2021,Pacers,Hawks,111,114,0,RS
12,1,2021,Magic,Nuggets,108,103,0,RS
12,1,2021,Wizards,Timberwolves,115,107,0,RS
12,1,2021,Celtics,76ers,88,87,0,RS
12,1,2021,Heat,Cavaliers,85,111,0,RS
12,1,2021,Bucks,Hornets,127,125,0,RS
12,1,2021,Pelicans,Mavericks,107,139,0,RS
12,1,2021,Thunder,Rockets,110,114,0,RS
12,1,2021,Clippers,Kings,115,124,0,RS
12,2,2021,Knicks,Bulls,115,119,0,RS
12,2,2021,Raptors,Bucks,97,93,0,RS
12,2,2021,Grizzlies,Thunder,152,79,0,RS
12,2,2021,Suns,Pistons,114,103,0,RS
12,2,2021,Trail Blazers,Spurs,83,114,0,RS
12,3,2021,Pacers,Heat,104,113,0,RS
12,3,2021,Wizards,Cavaliers,101,116,0,RS
12,3,2021,Hawks,76ers,96,98,0,RS
12,3,2021,Nets,Timberwolves,110,105,0,RS
12,3,2021,Rockets,Magic,118,116,0,RS
12,3,2021,Mavericks,Pelicans,91,107,0,RS
12,3,2021,Jazz,Celtics,137,130,0,RS
12,3,2021,Warriors,Suns,118,96,0,RS
12,3,2021,Lakers,Clippers,115,119,0,RS
12,4,2021,Knicks,Nuggets,99,113,0,RS
12,4,2021,Nets,Bulls,107,111,0,RS
12,4,2021,Bucks,Heat,124,102,0,RS
12,4,2021,Mavericks,Grizzlies,90,97,0,RS
12,4,2021,Warriors,Spurs,107,112,0,RS
12,4,2021,Trail Blazers,Celtics,117,145,0,RS
12,4,2021,Kings,Clippers,104,99,0,RS
12,5,2021,Cavaliers,Jazz,108,109,0,RS
12,5,2021,Hawks,Hornets,127,130,0,RS
12,5,2021,Raptors,Wizards,102,90,0,RS
12,5,2021,Rockets,Pelicans,118,108,0,RS
12,6,2021,Hornets,76ers,124,127,1,RS
12,6,2021,Pistons,Thunder,103,114,0,RS
12,6,2021,Pacers,Wizards,116,110,0,RS
12,6,2021,Heat,Grizzlies,90,105,0,RS
12,6,2021,Bulls,Nuggets,109,97,0,RS
12,6,2021,Bucks,Cavaliers,112,104,0,RS
12,6,2021,Timberwolves,Hawks,110,121,0,RS
12,6,2021,Suns,Spurs,108,104,0,RS
12,6,2021,Warriors,Magic,126,95,0,RS
12,6,2021,Trail Blazers,Clippers,90,102,0,RS
12,7,2021,Mavericks,Nets,99,102,0,RS
12,7,2021,Spurs,Knicks,109,121,0,RS
12,7,2021,Lakers,Celtics,117,102,0,RS
12,8,2021,Hornets,76ers,106,110,0,RS
12,8,2021,Cavaliers,Bulls,115,92,0,RS
12,8,2021,Pistons,Wizards,116,119,0,RS
12,8,2021,Pacers,Knicks,122,102,0,RS
12,8,2021,Heat,Bucks,113,104,0,RS
12,8,2021,Raptors,Thunder,109,110,0,RS
12,8,2021,Rockets,Nets,114,104,0,RS
12,8,2021,Grizzlies,Mavericks,96,104,0,RS
12,8,2021,Timberwolves,Jazz,104,136,0,RS
12,8,2021,Pelicans,Nuggets,114,120,0,RS
12,8,2021,Warriors,Trail Blazers,104,94,0,RS
12,8,2021,Kings,Magic,142,130,0,RS
12,8,2021,Clippers,Celtics,114,111,0,RS
12,9,2021,76ers,Jazz,96,118,0,RS
12,9,2021,Grizzlies,Lakers,108,95,0,RS
12,9,2021,Spurs,Nuggets,123,111,0,RS
12,10,2021,Hornets,Kings,124,123,0,RS
12,10,2021,Pacers,Mavericks,106,93,0,RS
12,10,2021,Hawks,Nets,105,113,0,RS
12,10,2021,Raptors,Knicks,90,87,0,RS
12,10,2021,Rockets,Bucks,114,123,0,RS
12,10,2021,Timberwolves,Cavaliers,106,123,0,RS
12,10,2021,Pelicans,Pistons,109,93,0,RS
12,10,2021,Thunder,Lakers,95,116,0,RS
12,10,2021,Suns,Celtics,111,90,0,RS
12,11,2021,Clippers,Magic,106,104,0,RS
12,11,2021,Wizards,Jazz,98,123,0,RS
12,11,2021,Cavaliers,Kings,117,103,0,RS
12,11,2021,Heat,Bulls,118,92,0,RS
12,11,2021,Grizzlies,Rockets,113,106,0,RS
12,11,2021,76ers,Warriors,102,93,0,RS
12,11,2021,Spurs,Nuggets,112,127,0,RS
12,12,2021,Knicks,Bucks,97,112,0,RS
12,12,2021,Pistons,Nets,104,116,0,RS
12,12,2021,Thunder,Mavericks,84,103,0,RS
12,12,2021,Spurs,Pelicans,112,97,0,RS
12,12,2021,Trail Blazers,Timberwolves,111,116,0,RS
12,12,2021,Lakers,Magic,106,94,0,RS
12,13,2021,Cavaliers,Heat,105,94,0,RS
12,13,2021,Pacers,Warriors,100,102,0,RS
12,13,2021,Raptors,Kings,124,101,0,RS
12,13,2021,Hawks,Rockets,126,132,0,RS
12,13,2021,Celtics,Bucks,117,103,0,RS
12,13,2021,Grizzlies,76ers,126,91,0,RS
12,13,2021,Mavericks,Hornets,120,96,0,RS
12,13,2021,Nuggets,Wizards,113,107,0,RS
12,13,2021,Clippers,Suns,111,95,0,RS
12,14,2021,Nets,Raptors,131,129,1,RS
12,14,2021,Knicks,Warriors,96,105,0,RS
12,14,2021,Trail Blazers,Suns,107,111,1,RS
12,15,2021,Cavaliers,Rockets,124,89,0,RS
12,15,2021,Magic,Hawks,99,111,0,RS
12,15,2021,76ers,Heat,96,101,0,RS
12,15,2021,Mavericks,Lakers,104,107,1,RS
12,15,2021,Bucks,Pacers,114,99,0,RS
12,15,2021,Thunder,Pelicans,110,113,0,RS
12,15,2021,Spurs,Hornets,115,131,0,RS
12,15,2021,Nuggets,Timberwolves,107,124,0,RS
12,15,2021,Jazz,Clippers,124,103,0,RS
12,15,2021,Trail Blazers,Grizzlies,103,113,0,RS
12,15,2021,Kings,Wizards,119,105,0,RS
12,16,2021,Pacers,Pistons,122,113,0,RS
12,16,2021,Nets,76ers,114,105,0,RS
12,16,2021,Rockets,Knicks,103,116,0,RS
12,16,2021,Suns,Wizards,118,98,0,RS
12,17,2021,Magic,Heat,105,115,0,RS
12,17,2021,Hawks,Nuggets,115,133,0,RS
12,17,2021,Celtics,Warriors,107,111,0,RS
12,17,2021,Pelicans,Bucks,116,112,0,RS
12,17,2021,Jazz,Spurs,126,128,0,RS
12,17,2021,Timberwolves,Lakers,110,92,0,RS
12,17,2021,Trail Blazers,Hornets,125,116,0,RS
12,17,2021,Kings,Grizzlies,105,124,0,RS
12,18,2021,Pistons,Rockets,107,116,0,RS
12,18,2021,Celtics,Knicks,107,116,0,RS
12,18,2021,Nets,Magic,93,100,0,RS
12,18,2021,Raptors,Warriors,119,100,0,RS
12,18,2021,Thunder,Clippers,104,103,0,RS
12,18,2021,Bucks,Cavaliers,90,119,0,RS
12,18,2021,Jazz,Wizards,103,109,0,RS
12,19,2021,Grizzlies,Trail Blazers,100,105,0,RS
12,19,2021,Pistons,Heat,100,90,0,RS
12,19,2021,Kings,Spurs,121,114,0,RS
12,19,2021,Bulls,Lakers,115,110,0,RS
12,19,2021,Timberwolves,Mavericks,111,105,0,RS
12,19,2021,Suns,Hornets,137,106,0,RS
12,20,2021,Celtics,76ers,103,108,0,RS
12,20,2021,Grizzlies,Thunder,99,102,0,RS
12,20,2021,Bulls,Rockets,133,118,0,RS
12,20,2021,Jazz,Hornets,112,102,0,RS
12,20,2021,Warriors,Kings,113,98,0,RS
12,20,2021,Clippers,Spurs,92,116,0,RS
12,21,2021,Heat,Pacers,125,96,0,RS
12,21,2021,Knicks,Pistons,105,91,0,RS
12,21,2021,Pelicans,Trail Blazers,111,97,0,RS
12,21,2021,Mavericks,Timberwolves,114,102,0,RS
12,21,2021,Lakers,Suns,90,108,0,RS
12,22,2021,Celtics,Cavaliers,111,101,0,RS
12,22,2021,Hawks,Magic,98,104,0,RS
12,22,2021,Bucks,Rockets,126,106,0,RS
12,22,2021,Thunder,Nuggets,108,94,0,RS
12,22,2021,Kings,Clippers,89,105,0,RS
12,23,2021,Warriors,Grizzlies,113,104,0,RS
12,23,2021,Pacers,Rockets,118,106,0,RS
12,23,2021,Magic,Pelicans,104,110,0,RS
12,23,2021,76ers,Hawks,96,98,0,RS
12,23,2021,Heat,Pistons,115,112,0,RS
12,23,2021,Knicks,Wizards,117,124,0,RS
12,23,2021,Mavericks,Bucks,95,102,0,RS
12,23,2021,Nuggets,Hornets,107,115,0,RS
12,23,2021,Suns,Thunder,113,101,0,RS
12,23,2021,Lakers,Spurs,110,138,0,RS
12,23,2021,Jazz,Timberwolves,128,116,0,RS
12,25,2021,Bucks,Celtics,117,113,0,RS
12,25,2021,Knicks,Hawks,101,87,0,RS
12,25,2021,Suns,Warriors,107,116,0,RS
12,25,2021,Lakers,Nets,115,122,0,RS
12,25,2021,Jazz,Mavericks,120,116,0,RS
12,26,2021,Kings,Grizzlies,102,127,0,RS
12,26,2021,Heat,Magic,93,83,0,RS
12,26,2021,Cavaliers,Raptors,144,99,0,RS
12,26,2021,Wizards,76ers,96,117,0,RS
12,26,2021,Thunder,Pelicans,117,112,0,RS
12,26,2021,Spurs,Pistons,144,109,0,RS
12,26,2021,Bulls,Pacers,113,105,0,RS
12,26,2021,Clippers,Nuggets,100,103,0,RS
12,27,2021,Timberwolves,Celtics,108,103,0,RS
12,27,2021,Suns,Grizzlies,113,114,0,RS
12,27,2021,Hornets,Rockets,123,99,0,RS
12,27,2021,Hawks,Bulls,118,130,0,RS
12,27,2021,Spurs,Jazz,104,110,0,RS
12,27,2021,Trail Blazers,Mavericks,117,132,0,RS
12,27,2021,Clippers,Nets,108,124,0,RS
12,28,2021,Magic,Bucks,110,127,0,RS
12,28,2021,Heat,Wizards,119,112,0,RS
12,28,2021,Raptors,76ers,109,114,0,RS
12,28,2021,Rockets,Lakers,123,132,0,RS
12,28,2021,Timberwolves,Knicks,88,96,0,RS
12,28,2021,Pelicans,Cavaliers,108,104,0,RS
12,28,2021,Warriors,Nuggets,86,89,0,RS
12,28,2021,Kings,Thunder,117,111,0,RS
12,29,2021,Celtics,Clippers,82,91,0,RS
12,29,2021,Grizzlies,Lakers,104,99,0,RS
12,29,2021,Pistons,Knicks,85,94,0,RS
12,29,2021,Pacers,Hornets,108,116,0,RS
12,29,2021,Bulls,Hawks,131,117,0,RS
12,29,2021,Suns,Thunder,115,97,0,RS
12,29,2021,Trail Blazers,Jazz,105,120,0,RS
12,29,2021,Kings,Mavericks,95,94,0,RS
12,30,2021,Nets,76ers,102,110,0,RS
12,30,2021,Magic,Bucks,118,136,0,RS
12,30,2021,Wizards,Cavaliers,110,93,0,RS
12,31,2021,Celtics,Suns,123,108,0,RS
12,31,2021,Grizzlies,Spurs,118,105,0,RS
12,31,2021,Pacers,Bulls,106,108,0,RS
12,31,2021,Kings,Mavericks,96,112,0,RS
12,31,2021,Rockets,Heat,110,120,0,RS
12,31,2021,Cavaliers,Hawks,118,121,0,RS
12,31,2021,Raptors,Clippers,116,108,0,RS
12,31,2021,Thunder,Knicks,95,80,0,RS
12,31,2021,Jazz,Timberwolves,120,108,0,RS
12,31,2021,Lakers,Trail Blazers,139,106,0,RS
1,1,2022,Bucks,Pelicans,136,113,0,RS
1,1,2022,Pistons,Spurs,117,116,0,RS
1,1,2022,Wizards,Bulls,119,120,0,RS
1,1,2022,Nets,Clippers,116,120,0,RS
1,1,2022,Rockets,Nuggets,111,124,0,RS
1,1,2022,Jazz,Warriors,116,123,0,RS
1,2,2022,Celtics,Magic,116,111,1,RS
1,2,2022,Raptors,Knicks,120,105,0,RS
1,2,2022,Cavaliers,Pacers,108,104,0,RS
1,2,2022,Kings,Heat,115,113,0,RS
1,2,2022,Hornets,Suns,99,133,0,RS
1,2,2022,Thunder,Mavericks,86,95,0,RS
1,2,2022,Lakers,Timberwolves,108,103,0,RS
1,3,2022,Nets,Grizzlies,104,118,0,RS
1,3,2022,76ers,Rockets,133,113,0,RS
1,3,2022,Wizards,Hornets,124,121,0,RS
1,3,2022,Bulls,Magic,102,98,0,RS
1,3,2022,Bucks,Pistons,115,106,0,RS
1,3,2022,Pelicans,Jazz,104,115,0,RS
1,3,2022,Mavericks,Nuggets,103,89,0,RS
1,3,2022,Warriors,Heat,115,108,0,RS
1,3,2022,Trail Blazers,Hawks,136,131,0,RS
1,3,2022,Clippers,Timberwolves,104,122,0,RS
1,4,2022,Cavaliers,Grizzlies,106,110,0,RS
1,4,2022,Raptors,Spurs,129,104,0,RS
1,4,2022,Knicks,Pacers,104,94,0,RS
1,4,2022,Pelicans,Suns,110,123,0,RS
1,4,2022,Lakers,Kings,122,114,0,RS
1,5,2022,Celtics,Spurs,97,99,0,RS
1,5,2022,Hornets,Pistons,140,111,0,RS
1,5,2022,Magic,76ers,106,116,0,RS
1,5,2022,Wizards,Rockets,111,114,0,RS
1,5,2022,Pacers,Nets,121,129,0,RS
1,5,2022,Mavericks,Warriors,99,82,0,RS
1,5,2022,Bucks,Raptors,111,117,0,RS
1,5,2022,Timberwolves,Thunder,98,90,0,RS
1,5,2022,Nuggets,Jazz,115,109,0,RS
1,5,2022,Trail Blazers,Heat,109,115,0,RS
1,5,2022,Kings,Hawks,102,108,0,RS
1,6,2022,Knicks,Celtics,108,105,0,RS
1,6,2022,Grizzlies,Pistons,118,88,0,RS
1,6,2022,Pelicans,Warriors,101,96,0,RS
1,6,2022,Suns,Clippers,106,89,0,RS
1,7,2022,76ers,Spurs,119,100,0,RS
1,7,2022,Nets,Bucks,109,121,0,RS
1,7,2022,Raptors,Jazz,122,108,0,RS
1,7,2022,Bulls,Wizards,130,122,0,RS
1,7,2022,Rockets,Mavericks,106,130,0,RS
1,7,2022,Thunder,Timberwolves,105,135,0,RS
1,7,2022,Nuggets,Kings,121,111,0,RS
1,7,2022,Lakers,Hawks,134,118,0,RS
1,7,2022,Cavaliers,Trail Blazers,101,114,0,RS
1,8,2022,Clippers,Grizzlies,108,123,0,RS
1,8,2022,Celtics,Knicks,99,75,0,RS
1,8,2022,Hornets,Bucks,114,106,0,RS
1,8,2022,Pistons,Magic,97,92,0,RS
1,8,2022,Pacers,Jazz,125,113,0,RS
1,8,2022,Suns,Heat,100,123,0,RS
1,9,2022,Lakers,Grizzlies,119,127,0,RS
1,9,2022,Nets,Spurs,121,119,0,RS
1,9,2022,Clippers,Hawks,106,93,0,RS
1,9,2022,Magic,Wizards,100,102,0,RS
1,9,2022,Raptors,Pelicans,105,101,0,RS
1,9,2022,Rockets,Timberwolves,123,141,0,RS
1,9,2022,Thunder,Nuggets,95,99,0,RS
1,9,2022,Mavericks,Bulls,113,99,0,RS
1,9,2022,Warriors,Cavaliers,96,82,0,RS
1,9,2022,Trail Blazers,Kings,103,88,0,RS
1,10,2022,Celtics,Pacers,101,98,1,RS
1,10,2022,Hornets,Bucks,103,99,0,RS
1,10,2022,Pistons,Jazz,126,116,0,RS
1,10,2022,Knicks,Spurs,111,96,0,RS
1,10,2022,Rockets,76ers,91,111,0,RS
1,10,2022,Kings,Cavaliers,108,109,0,RS
1,10,2022,Trail Blazers,Nets,114,108,0,RS
1,11,2022,Grizzlies,Warriors,116,108,0,RS
1,11,2022,Wizards,Thunder,122,118,0,RS
1,11,2022,Raptors,Suns,95,99,0,RS
1,11,2022,Pelicans,Timberwolves,128,125,0,RS
1,11,2022,Bulls,Pistons,133,87,0,RS
1,11,2022,Clippers,Nuggets,87,85,0,RS
1,12,2022,Pacers,Celtics,100,119,0,RS
1,12,2022,76ers,Hornets,98,109,0,RS
1,12,2022,Wizards,Magic,112,106,0,RS
1,12,2022,Heat,Hawks,91,115,0,RS
1,12,2022,Knicks,Mavericks,108,85,0,RS
1,12,2022,Spurs,Rockets,124,128,0,RS
1,12,2022,Jazz,Cavaliers,91,111,0,RS
1,12,2022,Bulls,Nets,112,138,0,RS
1,12,2022,Kings,Lakers,125,116,0,RS
1,13,2022,Grizzlies,Timberwolves,116,108,0,RS
1,13,2022,Bucks,Warriors,118,99,0,RS
1,13,2022,Pelicans,Clippers,113,89,0,RS
1,13,2022,Nets,Thunder,109,130,0,RS
1,13,2022,Nuggets,Trail Blazers,140,118,0,RS
1,14,2022,76ers,Celtics,111,99,0,RS
1,14,2022,Grizzlies,Mavericks,85,112,0,RS
1,14,2022,Hornets,Magic,109,116,0,RS
1,14,2022,Pistons,Raptors,103,87,0,RS
1,14,2022,Pacers,Suns,94,112,0,RS
1,14,2022,Bulls,Warriors,96,138,0,RS
1,14,2022,Heat,Hawks,124,118,0,RS
1,14,2022,Spurs,Cavaliers,109,114,0,RS
1,14,2022,Kings,Rockets,126,114,0,RS
1,15,2022,Celtics,Bulls,114,112,0,RS
1,15,2022,Bucks,Raptors,96,103,0,RS
1,15,2022,Wizards,Trail Blazers,110,115,0,RS
1,15,2022,Hawks,Knicks,108,117,0,RS
1,15,2022,Nets,Pelicans,120,105,0,RS
1,15,2022,Heat,76ers,98,109,0,RS
1,15,2022,Thunder,Cavaliers,102,107,0,RS
1,15,2022,Spurs,Clippers,101,94,0,RS
1,15,2022,Nuggets,Lakers,133,96,0,RS
1,15,2022,Mavericks,Magic,108,92,0,RS
1,16,2022,Pistons,Suns,108,135,0,RS
1,16,2022,Kings,Rockets,112,118,0,RS
1,16,2022,Timberwolves,Warriors,119,99,0,RS
1,16,2022,Nuggets,Jazz,102,125,0,RS
1,17,2022,Celtics,Pelicans,104,92,0,RS
1,17,2022,Grizzlies,Bulls,119,106,0,RS
1,17,2022,Knicks,Hornets,87,97,0,RS
1,17,2022,Wizards,76ers,117,98,0,RS
1,17,2022,Cavaliers,Nets,114,107,0,RS
1,17,2022,Clippers,Pacers,139,133,0,RS
1,17,2022,Hawks,Bucks,121,114,0,RS
1,17,2022,Magic,Trail Blazers,88,98,0,RS
1,17,2022,Heat,Raptors,104,99,0,RS
1,17,2022,Mavericks,Thunder,104,102,0,RS
1,17,2022,Spurs,Suns,107,121,0,RS
1,17,2022,Lakers,Jazz,101,95,0,RS
1,18,2022,Knicks,Timberwolves,110,112,0,RS
1,18,2022,Warriors,Pistons,102,86,0,RS
1,19,2022,Celtics,Hornets,102,111,0,RS
1,19,2022,Bucks,Grizzlies,126,114,0,RS
1,19,2022,76ers,Magic,123,110,0,RS
1,19,2022,Wizards,Nets,118,119,0,RS
1,19,2022,Hawks,Timberwolves,134,122,0,RS
1,19,2022,Heat,Trail Blazers,104,92,0,RS
1,19,2022,Bulls,Cavaliers,117,104,0,RS
1,19,2022,Mavericks,Raptors,102,98,0,RS
1,19,2022,Spurs,Thunder,119,96,0,RS
1,19,2022,Rockets,Jazz,111,116,0,RS
1,19,2022,Nuggets,Clippers,130,128,0,RS
1,19,2022,Kings,Pistons,131,133,0,RS
1,19,2022,Lakers,Pacers,104,111,0,RS
1,20,2022,Knicks,Pelicans,91,102,0,RS
1,20,2022,Mavericks,Suns,101,109,0,RS
1,20,2022,Warriors,Pacers,117,121,1,RS
1,21,2022,Celtics,Trail Blazers,105,109,0,RS
1,21,2022,Grizzlies,Nuggets,118,122,0,RS
1,21,2022,Hornets,Thunder,121,98,0,RS
1,21,2022,Magic,Lakers,105,116,0,RS
1,21,2022,76ers,Clippers,101,102,0,RS
1,21,2022,Hawks,Heat,110,108,0,RS
1,21,2022,Wizards,Raptors,105,109,0,RS
1,21,2022,Bucks,Bulls,94,90,0,RS
1,21,2022,Spurs,Nets,102,117,0,RS
1,21,2022,Jazz,Pistons,111,101,0,RS
1,21,2022,Warriors,Rockets,105,103,0,RS
1,22,2022,Bucks,Kings,133,127,0,RS
1,22,2022,Cavaliers,Thunder,94,87,0,RS
1,22,2022,Suns,Pacers,113,103,0,RS
1,23,2022,Wizards,Celtics,87,116,0,RS
1,23,2022,Mavericks,Grizzlies,104,91,0,RS
1,23,2022,Knicks,Clippers,110,102,0,RS
1,23,2022,Heat,Lakers,113,107,0,RS
1,23,2022,Magic,Bulls,114,95,0,RS
1,23,2022,Raptors,Trail Blazers,105,114,0,RS
1,23,2022,Hornets,Hawks,91,113,0,RS
1,23,2022,Spurs,76ers,109,115,0,RS
1,23,2022,Timberwolves,Nets,136,125,0,RS
1,23,2022,Nuggets,Pistons,117,111,0,RS
1,23,2022,Warriors,Jazz,94,92,0,RS
1,24,2022,Cavaliers,Knicks,95,93,0,RS
1,24,2022,Pelicans,Pacers,117,113,0,RS
1,24,2022,Thunder,Bulls,110,111,0,RS
1,24,2022,Suns,Jazz,115,109,0,RS
1,25,2022,Celtics,Kings,128,75,0,RS
1,25,2022,Pistons,Nuggets,105,110,0,RS
1,25,2022,Raptors,Hornets,125,113,0,RS
1,25,2022,Wizards,Clippers,115,116,0,RS
1,25,2022,76ers,Pelicans,117,107,0,RS
1,25,2022,Nets,Lakers,96,106,0,RS
1,25,2022,Rockets,Spurs,104,134,0,RS
1,25,2022,Warriors,Mavericks,130,92,0,RS
1,25,2022,Trail Blazers,Timberwolves,107,109,0,RS
1,26,2022,Spurs,Grizzlies,110,118,0,RS
1,26,2022,Cavaliers,Bucks,115,99,0,RS
1,26,2022,Pacers,Hornets,126,158,0,RS
1,26,2022,Magic,Clippers,102,111,0,RS
1,26,2022,Hawks,Kings,121,104,0,RS
1,26,2022,Heat,Knicks,110,96,0,RS
1,26,2022,Nets,Nuggets,118,124,0,RS
1,26,2022,Bulls,Raptors,111,105,0,RS
1,26,2022,Jazz,Suns,97,105,0,RS
1,26,2022,Trail Blazers,Mavericks,112,132,0,RS
1,27,2022,76ers,Lakers,105,87,0,RS
1,27,2022,Warriors,Timberwolves,124,115,0,RS
1,28,2022,Hawks,Celtics,108,92,0,RS
1,28,2022,Grizzlies,Jazz,119,109,0,RS
1,28,2022,Magic,Pistons,119,103,0,RS
1,28,2022,Hornets,Lakers,117,114,0,RS
1,28,2022,Pelicans,Nuggets,105,116,0,RS
1,28,2022,Heat,Clippers,121,114,0,RS
1,28,2022,Rockets,Trail Blazers,110,125,0,RS
1,28,2022,Thunder,Pacers,110,113,1,RS
1,28,2022,Spurs,Bulls,131,122,0,RS
1,28,2022,Suns,Timberwolves,134,124,0,RS
1,28,2022,Bucks,Knicks,123,108,0,RS
1,29,2022,Pelicans,Celtics,97,107,0,RS
1,29,2022,Grizzlies,Wizards,115,95,0,RS
1,29,2022,Mavericks,Pacers,132,105,0,RS
1,29,2022,76ers,Kings,103,101,0,RS
1,29,2022,Heat,Raptors,120,124,3,RS
1,29,2022,Warriors,Nets,110,106,0,RS
1,30,2022,Hawks,Lakers,129,121,0,RS
1,30,2022,Hornets,Clippers,90,115,0,RS
1,30,2022,Bulls,Trail Blazers,130,116,0,RS
1,30,2022,Pistons,Cavaliers,115,105,0,RS
1,30,2022,Magic,Mavericks,110,108,0,RS
1,30,2022,Bucks,Nuggets,100,136,0,RS
1,30,2022,Timberwolves,Jazz,126,106,0,RS
1,30,2022,Suns,Spurs,115,110,0,RS
1,31,2022,76ers,Grizzlies,122,119,1,RS
1,31,2022,Celtics,Heat,122,92,0,RS
1,31,2022,Cavaliers,Pelicans,93,90,0,RS
1,31,2022,Pacers,Clippers,122,116,0,RS
1,31,2022,Knicks,Kings,116,96,0,RS
1,31,2022,Hawks,Raptors,100,106,0,RS
1,31,2022,Rockets,Warriors,108,122,0,RS
1,31,2022,Thunder,Trail Blazers,98,81,0,RS
2,1,2022,Pistons,Pelicans,101,111,0,RS
2,1,2022,Bucks,Wizards,112,98,0,RS
2,1,2022,Raptors,Heat,110,106,0,RS
2,1,2022,Bulls,Magic,126,115,0,RS
2,1,2022,Timberwolves,Nuggets,130,115,0,RS
2,1,2022,Spurs,Warriors,120,124,0,RS
2,1,2022,Suns,Nets,121,111,0,RS
2,2,2022,Celtics,Hornets,113,107,0,RS
2,2,2022,Knicks,Grizzlies,108,120,0,RS
2,2,2022,Pacers,Magic,118,119,0,RS
2,2,2022,76ers,Wizards,103,106,0,RS
2,2,2022,Rockets,Cavaliers,115,104,0,RS
2,2,2022,Mavericks,Thunder,114,120,0,RS
2,2,2022,Jazz,Nuggets,108,104,0,RS
2,2,2022,Kings,Nets,112,101,0,RS
2,2,2022,Lakers,Trail Blazers,99,94,0,RS
2,3,2022,Pistons,Timberwolves,117,128,0,RS
2,3,2022,Spurs,Heat,95,112,0,RS
2,3,2022,Hawks,Suns,124,115,0,RS
2,3,2022,Raptors,Bulls,127,120,1,RS
2,3,2022,Warriors,Kings,126,114,0,RS
2,3,2022,Clippers,Lakers,111,110,0,RS
2,4,2022,Pistons,Celtics,93,102,0,RS
2,4,2022,Hornets,Cavaliers,101,102,0,RS
2,4,2022,Pacers,Bulls,115,122,0,RS
2,4,2022,Raptors,Hawks,125,114,0,RS
2,4,2022,Spurs,Rockets,131,106,0,RS
2,4,2022,Jazz,Nets,125,102,0,RS
2,4,2022,Nuggets,Pelicans,105,113,0,RS
2,4,2022,Mavericks,76ers,107,98,0,RS
2,4,2022,Trail Blazers,Thunder,93,96,0,RS
2,5,2022,Magic,Grizzlies,115,135,0,RS
2,5,2022,Hornets,Heat,86,104,0,RS
2,5,2022,Wizards,Suns,80,95,0,RS
2,5,2022,Lakers,Knicks,122,105,1,RS
2,5,2022,Trail Blazers,Bucks,108,137,0,RS
2,5,2022,Kings,Thunder,113,103,0,RS
2,6,2022,Magic,Celtics,83,116,0,RS
2,6,2022,Bulls,76ers,108,119,0,RS
2,6,2022,Timberwolves,Pistons,118,105,0,RS
2,6,2022,Nuggets,Nets,124,104,0,RS
2,6,2022,Cavaliers,Pacers,98,85,0,RS
2,6,2022,Mavericks,Hawks,103,94,0,RS
2,6,2022,Rockets,Pelicans,107,120,0,RS
2,6,2022,Clippers,Bucks,113,137,0,RS
2,7,2022,Hornets,Raptors,101,116,0,RS
2,7,2022,Wizards,Heat,100,121,0,RS
2,7,2022,Bulls,Suns,124,127,0,RS
2,7,2022,Thunder,Warriors,98,110,0,RS
2,7,2022,Jazz,Knicks,113,104,0,RS
2,8,2022,Nets,Celtics,91,126,0,RS
2,8,2022,Grizzlies,Clippers,135,109,0,RS
2,8,2022,76ers,Suns,109,114,0,RS
2,8,2022,Hawks,Pacers,133,112,0,RS
2,8,2022,Pelicans,Rockets,110,97,0,RS
2,8,2022,Mavericks,Pistons,116,86,0,RS
2,8,2022,Nuggets,Knicks,132,115,0,RS
2,8,2022,Lakers,Bucks,116,131,0,RS
2,8,2022,Trail Blazers,Magic,95,113,0,RS
2,8,2022,Kings,Timberwolves,114,134,0,RS
2,9,2022,Cavaliers,Spurs,105,92,0,RS
2,9,2022,Hornets,Bulls,109,121,0,RS
2,9,2022,Thunder,Raptors,98,117,0,RS
2,9,2022,Jazz,Warriors,111,85,0,RS
2,9,2022,Trail Blazers,Lakers,107,105,0,RS
2,9,2022,Kings,Timberwolves,132,119,0,RS
2,10,2022,Pistons,Grizzlies,107,132,0,RS
2,10,2022,Wizards,Nets,113,112,0,RS
2,10,2022,Pelicans,Heat,97,112,0,RS
2,10,2022,Rockets,Raptors,120,139,0,RS
2,10,2022,Mavericks,Clippers,112,105,0,RS
2,10,2022,Suns,Bucks,131,107,0,RS
2,10,2022,Warriors,Knicks,114,116,0,RS
2,11,2022,Celtics,Nuggets,108,102,0,RS
2,11,2022,Pistons,Hornets,119,141,0,RS
2,11,2022,Pacers,Cavaliers,113,120,0,RS
2,11,2022,76ers,Thunder,100,87,0,RS
2,11,2022,Hawks,Spurs,121,136,0,RS
2,11,2022,Bulls,Timberwolves,134,122,0,RS
2,11,2022,Jazz,Magic,114,99,0,RS
2,12,2022,Hornets,Grizzlies,118,125,0,RS
2,12,2022,Trail Blazers,Knicks,112,103,0,RS
2,12,2022,Wizards,Kings,110,123,0,RS
2,12,2022,Pelicans,Spurs,114,124,0,RS
2,12,2022,76ers,Cavaliers,103,93,0,RS
2,12,2022,Raptors,Nuggets,109,110,0,RS
2,12,2022,Heat,Nets,115,111,0,RS
2,12,2022,Bulls,Thunder,106,101,0,RS
2,12,2022,Mavericks,Clippers,97,99,0,RS
2,12,2022,Warriors,Lakers,117,115,0,RS
2,12,2022,Suns,Magic,132,105,0,RS
2,13,2022,Celtics,Hawks,105,95,0,RS
2,13,2022,Pacers,Timberwolves,120,129,0,RS
2,14,2022,Wizards,Pistons,103,94,0,RS
2,14,2022,Nets,Kings,109,85,0,RS
2,14,2022,Knicks,Thunder,123,127,1,RS
2,14,2022,Bulls,Spurs,120,109,0,RS
2,14,2022,Bucks,Trail Blazers,107,122,0,RS
2,14,2022,Pelicans,Raptors,120,90,0,RS
2,14,2022,Nuggets,Magic,121,111,0,RS
2,14,2022,Jazz,Rockets,135,101,0,RS
2,14,2022,Clippers,Warriors,119,114,0,RS
2,15,2022,76ers,Celtics,87,135,0,RS
2,15,2022,Pelicans,Grizzlies,109,121,0,RS
2,15,2022,Hawks,Cavaliers,124,116,0,RS
2,15,2022,Heat,Mavericks,99,107,0,RS
2,15,2022,Bucks,Pacers,128,119,0,RS
2,15,2022,Timberwolves,Hornets,126,120,1,RS
2,15,2022,Suns,Clippers,103,96,0,RS
2,16,2022,Celtics,Pistons,111,112,0,RS
2,16,2022,Grizzlies,Trail Blazers,119,123,0,RS
2,16,2022,Magic,Hawks,109,130,0,RS
2,16,2022,Pacers,Wizards,113,108,0,RS
2,16,2022,Knicks,Nets,113,108,0,RS
2,16,2022,Bulls,Kings,125,118,0,RS
2,16,2022,Timberwolves,Raptors,91,103,0,RS
2,16,2022,Thunder,Spurs,106,114,0,RS
2,16,2022,Suns,Rockets,124,121,0,RS
2,16,2022,Warriors,Nuggets,116,117,0,RS
2,16,2022,Lakers,Jazz,106,101,0,RS
2,17,2022,Hornets,Heat,107,111,2,RS
2,17,2022,Nets,Wizards,103,117,0,RS
2,17,2022,Pelicans,Mavericks,118,125,0,RS
2,17,2022,Bucks,76ers,120,123,0,RS
2,17,2022,Clippers,Rockets,142,111,0,RS
2,24,2022,Nets,Celtics,106,129,0,RS
2,24,2022,Timberwolves,Grizzlies,119,114,0,RS
2,24,2022,Pistons,Cavaliers,106,103,0,RS
2,24,2022,Bulls,Hawks,112,108,0,RS
2,24,2022,Thunder,Suns,104,124,0,RS
2,24,2022,Trail Blazers,Warriors,95,132,0,RS
2,24,2022,Kings,Nuggets,110,128,0,RS
2,25,2022,Hornets,Raptors,125,93,0,RS
2,25,2022,Pacers,Thunder,125,129,1,RS
2,25,2022,Magic,Rockets,119,111,0,RS
2,25,2022,Wizards,Spurs,153,157,2,RS
2,25,2022,Knicks,Heat,100,115,1,RS
2,25,2022,Timberwolves,76ers,102,133,0,RS
2,25,2022,Suns,Pelicans,102,117,0,RS
2,25,2022,Jazz,Mavericks,114,109,0,RS
2,25,2022,Lakers,Clippers,102,105,0,RS
2,26,2022,Pistons,Celtics,104,113,0,RS
2,26,2022,Bulls,Grizzlies,110,116,0,RS
2,26,2022,Hawks,Raptors,127,100,0,RS
2,26,2022,Cavaliers,Wizards,92,86,0,RS
2,26,2022,Heat,Spurs,133,129,0,RS
2,26,2022,Bucks,Nets,123,126,0,RS
2,26,2022,Nuggets,Kings,115,110,0,RS
2,27,2022,Pacers,Celtics,128,107,0,RS
2,27,2022,Knicks,76ers,109,125,0,RS
2,27,2022,Suns,Jazz,114,118,0,RS
2,27,2022,Hornets,Pistons,126,127,1,RS
2,27,2022,Rockets,Clippers,98,99,0,RS
2,27,2022,Warriors,Mavericks,101,107,0,RS
2,27,2022,Trail Blazers,Nuggets,92,124,0,RS
2,27,2022,Lakers,Pelicans,95,123,0,RS
2,28,2022,Grizzlies,Spurs,118,105,0,RS
2,28,2022,Cavaliers,Timberwolves,122,127,0,RS
2,28,2022,Magic,Pacers,119,103,0,RS
2,28,2022,Nets,Raptors,97,133,0,RS
2,28,2022,Heat,Bulls,112,99,0,RS
2,28,2022,Bucks,Hornets,130,106,0,RS
2,28,2022,Thunder,Kings,110,131,0,RS
3,1,2022,Celtics,Hawks,107,98,0,RS
3,1,2022,Wizards,Pistons,116,113,0,RS
3,1,2022,Raptors,Nets,109,108,0,RS
3,1,2022,Rockets,Clippers,100,113,0,RS
3,1,2022,Timberwolves,Warriors,129,114,0,RS
3,1,2022,Lakers,Mavericks,104,109,0,RS
3,2,2022,Cavaliers,Hornets,98,110,0,RS
3,2,2022,Magic,Pacers,114,122,1,RS
3,2,2022,76ers,Knicks,123,108,0,RS
3,2,2022,Rockets,Jazz,127,132,1,RS
3,2,2022,Bucks,Heat,120,119,0,RS
3,2,2022,Pelicans,Kings,125,95,0,RS
3,2,2022,Nuggets,Thunder,107,119,0,RS
3,2,2022,Suns,Trail Blazers,120,90,0,RS
3,3,2022,Celtics,Grizzlies,120,87,0,RS
3,3,2022,Hawks,Bulls,130,124,0,RS
3,3,2022,Nets,Heat,107,113,0,RS
3,3,2022,Raptors,Pistons,106,108,0,RS
3,3,2022,Mavericks,Warriors,122,113,0,RS
3,3,2022,Spurs,Kings,112,115,0,RS
3,3,2022,Clippers,Lakers,132,111,0,RS
3,4,2022,Pistons,Pacers,111,106,0,RS
3,4,2022,76ers,Cavaliers,125,119,0,RS
3,4,2022,Wizards,Hawks,114,117,0,RS
3,4,2022,Bulls,Bucks,112,118,0,RS
3,4,2022,Raptors,Magic,97,103,0,RS
3,4,2022,Pelicans,Jazz,124,90,0,RS
3,4,2022,Thunder,Timberwolves,101,138,0,RS
3,4,2022,Nuggets,Rockets,116,101,0,RS
3,4,2022,Suns,Knicks,115,114,0,RS
3,5,2022,Grizzlies,Magic,124,96,0,RS
3,5,2022,Mavericks,Kings,114,113,0,RS
3,5,2022,Hornets,Spurs,123,117,0,RS
3,5,2022,Heat,76ers,99,82,0,RS
3,5,2022,Timberwolves,Trail Blazers,135,121,0,RS
3,5,2022,Lakers,Warriors,124,116,0,RS
3,6,2022,Rockets,Grizzlies,123,112,0,RS
3,6,2022,Celtics,Nets,126,120,0,RS
3,6,2022,Cavaliers,Raptors,104,96,0,RS
3,6,2022,Nuggets,Pelicans,138,130,1,RS
3,6,2022,Bucks,Suns,132,122,0,RS
3,6,2022,Wizards,Pacers,133,123,0,RS
3,6,2022,Thunder,Jazz,103,116,0,RS
3,6,2022,Clippers,Knicks,93,116,0,RS
3,7,2022,Pistons,Hawks,113,110,1,RS
3,7,2022,76ers,Bulls,121,106,0,RS
3,7,2022,Heat,Rockets,123,106,0,RS
3,7,2022,Timberwolves,Trail Blazers,124,81,0,RS
3,7,2022,Mavericks,Jazz,111,103,0,RS
3,7,2022,Spurs,Lakers,117,110,0,RS
3,7,2022,Nuggets,Warriors,131,124,0,RS
3,7,2022,Kings,Knicks,115,131,0,RS
3,8,2022,Grizzlies,Pelicans,132,111,0,RS
3,8,2022,Hornets,Nets,121,132,0,RS
3,8,2022,Pacers,Cavaliers,124,127,0,RS
3,8,2022,Magic,Suns,99,102,0,RS
3,8,2022,Thunder,Bucks,115,142,0,RS
3,8,2022,Warriors,Clippers,112,97,0,RS
3,9,2022,Hornets,Celtics,101,115,0,RS
3,9,2022,Pistons,Bulls,108,114,0,RS
3,9,2022,Heat,Suns,90,111,0,RS
3,9,2022,Bucks,Hawks,124,115,0,RS
3,9,2022,Rockets,Lakers,139,130,1,RS
3,9,2022,Timberwolves,Thunder,132,102,0,RS
3,9,2022,Pelicans,Magic,102,108,0,RS
3,9,2022,Mavericks,Knicks,77,107,0,RS
3,9,2022,Spurs,Raptors,104,119,0,RS
3,9,2022,Jazz,Trail Blazers,123,85,0,RS
3,9,2022,Kings,Nuggets,100,106,0,RS
3,9,2022,Clippers,Wizards,115,109,0,RS
3,10,2022,76ers,Nets,100,129,0,RS
3,10,2022,Nuggets,Warriors,102,113,0,RS
3,11,2022,Celtics,Pistons,114,103,0,RS
3,11,2022,Grizzlies,Knicks,118,114,0,RS
3,11,2022,Magic,Timberwolves,118,110,0,RS
3,11,2022,Hawks,Clippers,112,106,0,RS
3,11,2022,Heat,Cavaliers,117,105,0,RS
3,11,2022,Rockets,Mavericks,100,113,0,RS
3,11,2022,Pelicans,Hornets,120,142,0,RS
3,11,2022,Spurs,Jazz,104,102,0,RS
3,11,2022,Suns,Raptors,112,117,0,RS
3,11,2022,Lakers,Wizards,122,109,0,RS
3,12,2022,Heat,Timberwolves,104,113,0,RS
3,12,2022,Bulls,Cavaliers,101,91,0,RS
3,12,2022,Spurs,Pacers,108,119,0,RS
3,12,2022,Warriors,Bucks,122,109,0,RS
3,12,2022,Nuggets,Raptors,115,127,0,RS
3,12,2022,Jazz,Kings,134,125,0,RS
3,12,2022,Trail Blazers,Wizards,127,118,0,RS
3,13,2022,Celtics,Mavericks,92,95,0,RS
3,13,2022,Thunder,Grizzlies,118,125,0,RS
3,13,2022,Nets,Knicks,110,107,0,RS
3,13,2022,Pistons,Clippers,102,106,0,RS
3,13,2022,Magic,76ers,114,116,1,RS
3,13,2022,Hawks,Pacers,131,128,0,RS
3,13,2022,Pelicans,Rockets,130,105,0,RS
3,13,2022,Suns,Lakers,140,111,0,RS
3,14,2022,Cavaliers,Clippers,120,111,1,RS
3,14,2022,Hawks,Trail Blazers,122,113,0,RS
3,14,2022,76ers,Nuggets,110,114,0,RS
3,14,2022,Thunder,Hornets,116,134,0,RS
3,14,2022,Spurs,Timberwolves,139,149,0,RS
3,14,2022,Warriors,Wizards,126,112,0,RS
3,14,2022,Kings,Bulls,112,103,0,RS
3,14,2022,Jazz,Bucks,111,117,0,RS
3,14,2022,Lakers,Raptors,103,114,0,RS
3,15,2022,Pacers,Grizzlies,102,135,0,RS
3,15,2022,Magic,Nets,108,150,0,RS
3,15,2022,Heat,Pistons,105,98,0,RS
3,15,2022,Pelicans,Suns,115,131,0,RS
3,16,2022,Warriors,Celtics,88,110,0,RS
3,16,2022,Hornets,Hawks,116,106,0,RS
3,16,2022,Cavaliers,76ers,114,118,0,RS
3,16,2022,Wizards,Nuggets,109,127,0,RS
3,16,2022,Nets,Mavericks,111,113,0,RS
3,16,2022,Knicks,Trail Blazers,128,98,0,RS
3,16,2022,Rockets,Suns,112,129,0,RS
3,16,2022,Timberwolves,Lakers,124,104,0,RS
3,16,2022,Spurs,Thunder,122,120,0,RS
3,16,2022,Jazz,Bulls,125,110,0,RS
3,16,2022,Kings,Bucks,126,135,0,RS
3,16,2022,Clippers,Raptors,100,103,0,RS
3,17,2022,Magic,Pistons,120,134,0,RS
3,18,2022,Hawks,Grizzlies,120,105,0,RS
3,18,2022,Kings,Celtics,97,126,0,RS
3,18,2022,76ers,Mavericks,111,101,0,RS
3,18,2022,Knicks,Wizards,100,97,0,RS
3,18,2022,Raptors,Lakers,123,128,1,RS
3,18,2022,Nets,Trail Blazers,128,123,0,RS
3,18,2022,Cavaliers,Nuggets,119,116,1,RS
3,18,2022,Heat,Thunder,120,108,0,RS
3,18,2022,Rockets,Pacers,118,121,0,RS
3,18,2022,Spurs,Pelicans,91,124,0,RS
3,18,2022,Jazz,Clippers,121,92,0,RS
3,18,2022,Suns,Bulls,129,102,0,RS
3,19,2022,Timberwolves,Bucks,138,119,0,RS
3,19,2022,Hornets,Mavericks,129,108,0,RS
3,19,2022,Cavaliers,Pistons,113,109,0,RS
3,19,2022,Wizards,Lakers,127,119,0,RS
3,20,2022,Rockets,Grizzlies,98,122,0,RS
3,20,2022,Nuggets,Celtics,104,124,0,RS
3,20,2022,Pacers,Trail Blazers,129,98,0,RS
3,20,2022,Hawks,Pelicans,112,117,0,RS
3,20,2022,Magic,Thunder,90,85,0,RS
3,20,2022,Kings,Suns,124,127,1,RS
3,20,2022,Knicks,Jazz,93,108,0,RS
3,20,2022,76ers,Raptors,88,93,0,RS
3,20,2022,Warriors,Spurs,108,110,0,RS
3,21,2022,Thunder,Celtics,123,132,0,RS
3,21,2022,Hornets,Pelicans,106,103,0,RS
3,21,2022,Cavaliers,Lakers,120,131,0,RS
3,21,2022,Pistons,Trail Blazers,115,119,0,RS
3,21,2022,76ers,Heat,113,106,0,RS
3,21,2022,Nets,Jazz,114,106,0,RS
3,21,2022,Bulls,Raptors,113,99,0,RS
3,21,2022,Rockets,Wizards,115,97,0,RS
3,21,2022,Mavericks,Timberwolves,110,108,0,RS
3,22,2022,Magic,Warriors,94,90,0,RS
3,22,2022,Knicks,Hawks,111,117,0,RS
3,22,2022,Bucks,Bulls,126,98,0,RS
3,22,2022,Nuggets,Clippers,127,115,0,RS
3,23,2022,Celtics,Jazz,125,97,0,RS
3,23,2022,Grizzlies,Nets,132,120,0,RS
3,23,2022,Hornets,Knicks,106,121,0,RS
3,23,2022,Pistons,Hawks,122,101,0,RS
3,23,2022,Pacers,Kings,109,110,0,RS
3,23,2022,Heat,Warriors,104,118,0,RS
3,23,2022,Timberwolves,Suns,116,125,0,RS
3,23,2022,Thunder,Magic,118,102,0,RS
3,23,2022,Mavericks,Rockets,110,91,0,RS
3,23,2022,Lakers,76ers,121,126,0,RS
3,23,2022,Trail Blazers,Spurs,96,133,0,RS
3,24,2022,Grizzlies,Pacers,133,103,0,RS
3,24,2022,Raptors,Cavaliers,117,104,0,RS
3,24,2022,Bucks,Wizards,114,102,0,RS
3,24,2022,Pelicans,Bulls,126,109,0,RS
3,24,2022,Nuggets,Suns,130,140,0,RS
3,25,2022,Hornets,Jazz,107,101,0,RS
3,25,2022,Pistons,Wizards,97,100,0,RS
3,25,2022,Hawks,Warriors,121,110,0,RS
3,25,2022,Heat,Knicks,103,111,0,RS
3,25,2022,Timberwolves,Mavericks,116,95,0,RS
3,25,2022,Trail Blazers,Rockets,106,125,0,RS
3,25,2022,Clippers,76ers,97,122,0,RS
3,26,2022,Grizzlies,Bucks,127,102,0,RS
3,26,2022,Pelicans,Spurs,103,107,0,RS
3,26,2022,Magic,Kings,110,114,0,RS
3,26,2022,Raptors,Pacers,131,91,0,RS
3,26,2022,Cavaliers,Bulls,94,98,0,RS
3,26,2022,Heat,Nets,95,110,0,RS
3,26,2022,Nuggets,Thunder,113,107,0,RS
3,26,2022,Trail Blazers,Rockets,98,115,0,RS
3,27,2022,Celtics,Timberwolves,134,112,0,RS
3,27,2022,Pistons,Knicks,102,104,0,RS
3,27,2022,Wizards,Warriors,123,115,0,RS
3,27,2022,Suns,76ers,114,104,0,RS
3,27,2022,Pelicans,Lakers,116,108,0,RS
3,27,2022,Nets,Hornets,110,119,0,RS
3,27,2022,Mavericks,Jazz,114,100,0,RS
3,28,2022,Raptors,Celtics,115,112,1,RS
3,28,2022,Grizzlies,Warriors,123,95,0,RS
3,28,2022,Hornets,Nuggets,109,113,0,RS
3,28,2022,Cavaliers,Magic,107,101,0,RS
3,28,2022,Pacers,Hawks,123,132,0,RS
3,28,2022,Heat,Kings,123,100,0,RS
3,28,2022,Knicks,Bulls,109,104,0,RS
3,28,2022,Rockets,Spurs,120,123,0,RS
3,28,2022,Trail Blazers,Thunder,131,134,0,RS
3,29,2022,76ers,Bucks,116,118,0,RS
3,29,2022,Wizards,Bulls,94,107,0,RS
3,29,2022,Nets,Pistons,130,123,0,RS
3,29,2022,Mavericks,Lakers,128,110,0,RS
3,29,2022,Clippers,Jazz,121,115,0,RS
3,30,2022,Celtics,Heat,98,106,0,RS
3,30,2022,Spurs,Grizzlies,111,112,0,RS
3,30,2022,Cavaliers,Mavericks,112,120,0,RS
3,30,2022,Pacers,Nuggets,118,125,0,RS
3,30,2022,Wizards,Magic,127,110,0,RS
3,30,2022,Knicks,Hornets,114,125,0,RS
3,30,2022,Raptors,Timberwolves,125,102,0,RS
3,30,2022,Rockets,Kings,118,121,0,RS
3,30,2022,Thunder,Hawks,118,136,0,RS
3,30,2022,Warriors,Suns,103,107,0,RS
3,30,2022,Trail Blazers,Pelicans,107,117,0,RS
3,31,2022,Pistons,76ers,102,94,0,RS
3,31,2022,Nets,Bucks,119,120,1,RS
3,31,2022,Hawks,Cavaliers,131,107,0,RS
3,31,2022,Bulls,Clippers,135,130,1,RS
3,31,2022,Jazz,Lakers,122,109,0,RS
4,1,2022,Celtics,Pacers,128,123,0,RS
4,1,2022,Grizzlies,Suns,122,114,0,RS
4,1,2022,Magic,Raptors,89,102,0,RS
4,1,2022,Wizards,Mavericks,135,103,0,RS
4,1,2022,Rockets,Kings,117,122,0,RS
4,1,2022,Bucks,Clippers,119,153,0,RS
4,1,2022,Thunder,Pistons,101,110,0,RS
4,1,2022,Spurs,Trail Blazers,130,111,0,RS
4,1,2022,Nuggets,Timberwolves,130,136,0,RS
4,1,2022,Lakers,Pelicans,111,114,0,RS
4,2,2022,76ers,Hornets,144,114,0,RS
4,2,2022,Knicks,Cavaliers,101,119,0,RS
4,2,2022,Hawks,Nets,122,115,0,RS
4,2,2022,Bulls,Heat,109,127,0,RS
4,2,2022,Warriors,Jazz,111,107,0,RS
4,3,2022,Celtics,Wizards,144,102,0,RS
4,3,2022,Bucks,Mavericks,112,118,0,RS
4,3,2022,Lakers,Nuggets,118,129,0,RS
4,3,2022,Pacers,Pistons,117,121,0,RS
4,3,2022,Cavaliers,76ers,108,112,0,RS
4,3,2022,Magic,Knicks,88,118,0,RS
4,3,2022,Raptors,Heat,109,114,0,RS
4,3,2022,Rockets,Timberwolves,132,139,0,RS
4,3,2022,Thunder,Suns,117,96,0,RS
4,3,2022,Spurs,Trail Blazers,113,92,0,RS
4,3,2022,Kings,Warriors,90,109,0,RS
4,3,2022,Clippers,Pelicans,119,100,0,RS
4,5,2022,Jazz,Grizzlies,121,115,1,RS
4,5,2022,Pacers,76ers,122,131,0,RS
4,5,2022,Magic,Cavaliers,120,115,0,RS
4,5,2022,Nets,Rockets,118,105,0,RS
4,5,2022,Heat,Hornets,144,115,0,RS
4,5,2022,Raptors,Hawks,118,108,0,RS
4,5,2022,Bulls,Bucks,106,127,0,RS
4,5,2022,Timberwolves,Wizards,114,132,0,RS
4,5,2022,Thunder,Trail Blazers,98,94,0,RS
4,5,2022,Nuggets,Spurs,97,116,0,RS
4,5,2022,Kings,Pelicans,109,123,0,RS
4,5,2022,Suns,Lakers,121,110,0,RS
4,6,2022,Bulls,Celtics,94,117,0,RS
4,6,2022,Pistons,Mavericks,113,131,0,RS
4,6,2022,Knicks,Nets,98,110,0,RS
4,6,2022,Hawks,Wizards,118,103,0,RS
4,6,2022,Jazz,Thunder,137,101,0,RS
4,6,2022,Clippers,Suns,113,109,0,RS
4,7,2022,Bucks,Celtics,127,121,0,RS
4,7,2022,Nuggets,Grizzlies,122,109,0,RS
4,7,2022,Hornets,Magic,128,101,0,RS
4,7,2022,Raptors,76ers,119,114,0,RS
4,7,2022,Timberwolves,Spurs,127,121,0,RS
4,7,2022,Pelicans,Trail Blazers,127,94,0,RS
4,7,2022,Warriors,Lakers,128,112,0,RS
4,8,2022,Pistons,Bucks,101,131,0,RS
4,8,2022,Wizards,Knicks,92,114,0,RS
4,8,2022,Nets,Cavaliers,118,107,0,RS
4,8,2022,Raptors,Rockets,117,115,0,RS
4,8,2022,Heat,Hawks,113,109,0,RS
4,8,2022,Bulls,Hornets,117,133,0,RS
4,8,2022,Mavericks,Trail Blazers,128,78,0,RS
4,8,2022,Jazz,Suns,105,111,0,RS
4,8,2022,Lakers,Thunder,120,101,0,RS
4,9,2022,Grizzlies,Pelicans,141,114,0,RS
4,9,2022,76ers,Pacers,133,120,0,RS
4,9,2022,Spurs,Warriors,94,100,0,RS
4,9,2022,Clippers,Kings,117,98,0,RS
4,10,2022,Grizzlies,Celtics,110,139,0,RS
4,10,2022,Nets,Pacers,134,126,0,RS
4,10,2022,Hornets,Wizards,124,108,0,RS
4,10,2022,Cavaliers,Bucks,133,115,0,RS
4,10,2022,Rockets,Hawks,114,130,0,RS
4,10,2022,Knicks,Raptors,105,94,0,RS
4,10,2022,Magic,Heat,125,111,0,RS
4,10,2022,76ers,Pistons,118,106,0,RS
4,10,2022,Timberwolves,Bulls,120,124,0,RS
4,10,2022,Mavericks,Spurs,130,120,0,RS
4,10,2022,Nuggets,Lakers,141,146,1,RS
4,10,2022,Clippers,Thunder,138,88,0,RS
4,10,2022,Pelicans,Warriors,107,128,0,RS
4,10,2022,Suns,Kings,109,116,0,RS
4,10,2022,Trail Blazers,Jazz,80,111,0,RS
4,12,2022,Timberwolves,Clippers,109,104,0,PI
4,12,2022,Nets,Cavaliers,115,108,0,PI
4,13,2022,Hawks,Hornets,132,103,0,PI
4,13,2022,Spurs,Pelicans,113,103,0,PI
4,15,2022,Cavaliers,Hawks,101,107,0,PI
4,15,2022,Clippers,Pelicans,101,105,0,PI
4,16,2022,Grizzlies,Timberwolves,117,130,0,R1
4,16,2022,Mavericks,Jazz,93,99,0,R1
4,16,2022,76ers,Raptors,131,111,0,R1
4,16,2022,Warriors,Nuggets,123,107,0,R1
4,17,2022,Celtics,Nets,115,114,0,R1
4,17,2022,Heat,Hawks,115,91,0,R1
4,17,2022,Bucks,Bulls,93,86,0,R1
4,17,2022,Suns,Pelicans,110,99,0,R1
4,18,2022,76ers,Raptors,112,97,0,R1
4,18,2022,Mavericks,Jazz,110,104,0,R1
4,18,2022,Warriors,Nuggets,126,106,0,R1
4,19,2022,Grizzlies,Timberwolves,124,96,0,R1
4,19,2022,Heat,Hawks,115,105,0,R1
4,19,2022,Suns,Pelicans,114,125,0,R1
4,20,2022,Celtics,Nets,114,107,0,R1
4,20,2022,Raptors,76ers,101,104,1,R1
4,20,2022,Bucks,Bulls,110,114,0,R1
4,21,2022,Timberwolves,Grizzlies,95,104,0,R1
4,21,2022,Jazz,Mavericks,113,118,0,R1
4,21,2022,Nuggets,Warriors,111,110,0,R1
4,22,2022,Hawks,Heat,81,111,0,R1
4,22,2022,Bulls,Bucks,81,111,0,R1
4,22,2022,Pelicans,Suns,111,114,0,R1
4,23,2022,Nets,Celtics,103,109,0,R1
4,23,2022,Timberwolves,Grizzlies,119,118,0,R1
4,23,2022,Raptors,76ers,110,102,0,R1
4,23,2022,Jazz,Mavericks,100,99,0,R1
4,24,2022,Bulls,Bucks,95,119,0,R1
4,24,2022,Nuggets,Warriors,126,121,0,R1
4,24,2022,Hawks,Heat,86,110,0,R1
4,24,2022,Pelicans,Suns,118,103,0,R1
4,25,2022,Nets,Celtics,112,116,0,R1
4,25,2022,76ers,Raptors,88,103,0,R1
4,25,2022,Mavericks,Jazz,102,77,0,R1
4,26,2022,Grizzlies,Timberwolves,111,109,0,R1
4,26,2022,Heat,Hawks,97,94,0,R1
4,26,2022,Suns,Pelicans,112,97,0,R1
4,27,2022,Bucks,Bulls,116,100,0,R1
4,27,2022,Warriors,Nuggets,102,98,0,R1
4,28,2022,Raptors,76ers,97,132,0,R1
4,28,2022,Pelicans,Suns,109,115,0,R1
4,28,2022,Jazz,Hawks,96,98,0,R1
4,29,2022,Timberwolves,Grizzlies,106,114,0,R1
5,1,2022,Celtics,Bucks,89,101,0,R2
5,1,2022,Grizzlies,Warriors,116,117,0,R2
5,2,2022,Heat,76ers,106,92,0,R2
5,2,2022,Suns,Mavericks,121,114,0,R2
5,3,2022,Celtics,Bucks,109,86,0,R2
5,3,2022,Grizzlies,Warriors,106,101,0,R2
5,4,2022,Heat,76ers,119,103,0,R2
5,4,2022,Suns,Mavericks,129,109,0,R2
5,6,2022,76ers,Heat,99,79,0,R2
5,6,2022,Mavericks,Suns,103,94,0,R2
5,7,2022,Bucks,Celtics,103,101,0,R2
5,7,2022,Warriors,Grizzlies,142,112,0,R2
5,8,2022,Mavericks,Suns,111,101,0,R2
5,8,2022,76ers,Heat,116,108,0,R2
5,9,2022,Bucks,Celtics,108,116,0,R2
5,9,2022,Warriors,Grizzlies,101,98,0,R2
5,10,2022,Heat,76ers,120,85,0,R2
5,10,2022,Suns,Mavericks,110,80,0,R2
5,11,2022,Celtics,Bucks,107,110,0,R2
5,11,2022,Grizzlies,Warriors,134,95,0,R2
5,12,2022,76ers,Heat,90,99,0,R2
5,12,2022,Mavericks,Suns,113,86,0,R2
5,13,2022,Bucks,Celtics,95,108,0,R2
5,13,2022,Warriors,Grizzlies,110,96,0,R2
5,15,2022,Celtics,Bucks,109,81,0,R2
5,15,2022,Suns,Mavericks,90,123,0,R2
5,17,2022,Heat,Celtics,118,107,0,R3
5,18,2022,Warriors,Mavericks,112,87,0,R3
5,19,2022,Heat,Celtics,102,127,0,R3
5,20,2022,Warriors,Mavericks,126,117,0,R3
5,21,2022,Celtics,Heat,0,0,0,R3
5,22,2022,Mavericks,Warriors,0,0,0,R3